environment_id,login,jhi_password
1,user01,I32U48SD
1,user02,AMFJhi81
1,user03,009ufjalkn
1,user04,83jrlanfs
1,user05,nr2p938rh
1,user06,lkjadfkj8!
1,user07,lkjdhfi8321
1,user08,ao9ru2lfkn
1,user09,ejkfn932ka
1,user10,lxkcvj923n
2,user01,dflkj01234j
2,user02,234lajfriw
2,user03,23orkamnf.
2,user04,dfiql2@r2
2,user05,ljg923jLIUR
2,user06,923jkjw034!
2,user07,kfj9qW3j@
2,user08,lkdjfiwj3rh
2,user09,j3283h4k2
2,user10,he$ru823j4
3,user01,jfi2jh4%29
3,user02,jfro2838j
3,user03,j2#$!jkwt
3,user04,lkw%jk3j41
3,user05,#kjkj2934
3,user06,kjjrj2@9jd
3,user07,kj5k28nsfn#
3,user08,wert0#2kjg
3,user09,fwj%2kf8s
3,user10,jkejfJ@jf
4,user01,jfw#rjfLKJF
4,user02,lkdjfiwj3rh
4,user03,j3283h4k2
4,user04,he$ru823j4
4,user05,jfi2jh4%29
4,user06,jfro2838j
4,user07,j2#$!jkwt
4,user08,lkw%jk3j41
4,user09,#kjkj2934
4,user10,dkfjmvn2@
5,user01,lwkjrj123!
5,user02,ksjhjdf*@3
5,user03,kdjf@3!
5,user04,lkjiefj2
5,user05,qwq4r1jfl
5,user06,skejr1Aw!
5,user07,jf@#5o9fj
5,user08,jfrwlk1j4
5,user09,kdfjiqn3r
5,user10,kfjj2%kfj
6,user01,kvnw35j12
6,user02,uktmjloj42
6,user03,vm3$%wior
6,user04,aajej1@oi
6,user05,jfjk14u94fn
6,user06,u#yieuojl2
6,user07,poitqz*mq
6,user08,g8gjwj4@
6,user09,lkj2ku4is#
6,user10,jtuyp3l$kg
7,user01,opogl2nt&
7,user02,*jhgn2iFa
7,user03,j39lqknA#nf
7,user04,kljt^&9sm
7,user05,pslf^iqj4V
7,user06,Vnfkqj3@dk
7,user07,jIE*#JFL
7,user08,#Jjfk249sf
7,user09,kJFQ934jl
7,user10,jo#jrlkfa
8,user01,AMFJhi81
8,user02,2jf2noz#1
8,user03,009ufjalkn
8,user04,83jrlanfs
8,user05,nr2p938rh
8,user06,lkjadfkj8!
8,user07,lkjdhfi8321
8,user08,ao9ru2lfkn
8,user09,ejkfn932ka
8,user10,lxkcvj923n
9,user02,234lajfriw
9,user03,23orkamnf.
9,user04,dfiql2@r2
9,user05,ljg923jLIUR
9,user06,923jkjw034!
9,user07,kfj9qjr2k3j@
9,user08,lkdjfiwj3rh
9,user09,j3283h4k2
9,user10,he$ru823j4
10,user01,jfi2jh4%29
10,user02,jfro2838j
10,user03,j2#$!jkwt
10,user04,lkw%jk3j41
10,user05,#kjkj2934
10,user06,kjjrj2@9jd
10,user07,kj5k28nsfn#
10,user08,wert0#2kjg
10,user09,fwj%2kf8s
10,user10,jkejfJ@jf
11,user01,irufj2j4!f
11,user02,9jflKfm2$
11,user03,jFLKJw94#
11,user04,KFj24ls9fj
11,user05,nr2p938rh
11,user06,lkjadfkj8!
11,user07,lkjdhfi8321
11,user08,ao9ru2lfkn
11,user09,ejkfn932ka
11,user10,lxkcvj923n
12,user01,dflkj01234j
12,user02,234lajfriw
12,user03,23orkamnf.
12,user04,dfiql2@r2
12,user05,ljg923jLIUR
12,user06,923jkjw034!
12,user07,kfj9qjr2k3j@
12,user08,lkdjfiwj3rh
12,user09,j3283h4k2
12,user10,he$ru823j4
13,user01,jfi2jh4%29
13,user02,jfro2838j
13,user03,j2#$!jkwt
13,user04,lkw%jk3j41
13,user05,#kjkj2934
13,user06,kjjrj2@9jd
13,user07,kj5k28nsfn#
13,user08,wert0#2kjg
13,user09,fwj%2kf8s
13,user10,jkejfJ@jf
14,dmin01,lkw%jk3j41
14,dmin02,lZfvjfiwj3rh
14,dmin03,wpjrj2@9jd
14,dmin04,kj5k28nsfn#
14,dmin05,Dfj9qjr2k3j@
14,dmin06,mFro2838j
14,dmin07,lEi2jh4%29
14,dmin08,Y3283h4k2
14,dmin09,j2#$!jkwt
14,dmin10,he$ru823j4
15,admin01,ANdx4efQfL
15,admin02,8hDYyc6472
15,admin03,qafesJXAmv
15,admin04,bKMPetce8P
15,admin05,WEBDkD7Y5S
15,admin06,TZAU2yJjBr
15,admin07,bSZqpqR9Yf
15,admin08,h5xThmwaUz
15,admin09,g7ywF2VK4g
15,admin10,H2F7fwWMwu
16,admin01,FNNR2m5F3Y
16,admin02,6uFBtvJvSn
16,admin03,xvMpr5ST3J
16,admin04,aN4q8krRqL
16,admin05,jzLpAxdYyK
16,admin06,Y4A7SRf6Rz
16,admin07,ggh7hNhWSz
16,admin08,FMBesBJjUx
16,admin09,atssdbH8BL
16,admin10,eS6GqEUqLz
